pure_text,label
"To make myself visible

+ physically + mentally disabled + chronically ill

+ trans, nonbinary, non medical transition

+ Jew + biracial+ two other ethnicities

+ Immigrant

+ Home educator of disabled and medically fragile children who been refused FAPE 

+ nomadic + low income",0
RT @VanLathan: Man shut up. That‚Äôs your guy.,1
@bbcswahili In short those who despise Jews they got to know God promised that He will never forsake his people. God has a purpose to appoint a Jew as a president in a sorjoned country. God fights. Hallelujah. Too small country fighting back too big state.,0
@shahar_aviram @EfratPekado We need more Jews. Any color will do.,0
"Lol, Muslims ruled places for centuries. If your claim was true, they wouldn't have had lasted long, and the expulsion would've happened relatively quick. Plus don't forget, Jews flourished in Spain during the time of Muslims, as opposed to when the crusaders committed massacres.",0
@_Trave_ @MaxNordau @BMeiselas Both sides are entrenched in desire for total control. You can‚Äôt convince me the red jew is worse than the blue jew.,1
"The Council of the Patriarchs and Heads of the Churches said that a UK embassy move would ‚Äúseverely undermine the key principle‚Äù of corpus separatum.

This relates to Jerusalem‚Äôs special status as a city holy to Christians, Jews and Muslims alike.
https://t.co/3s4eNhB8m6",0
"@MaxMannis I was born and raised a reform Jew. No longer a practitioner, but it‚Äôs stilk obviously in my blood. We have Orthodox Jews in our family and their reputation is‚Ä¶less than great. Lots of sexism and elitism in that sect of Judaism. Do you have experience with this?",0
"@Sundancer_UK @RobFilthUK @williamjohnbird @PoliticsJOE_UK @jeremycorbyn Another racist telling Jews who or what they are.

Shameful",0
"RT @TweetForTheMany:@Supertanskiii retweeting @mrjamesob retweet of @Femi_Sorry continuing his smear campaign against Ed Dempsey is about as sick making as it gets 

Furthermore he√¢‚Ç¨‚Ñ¢s opening up the √¢‚Ç¨≈ìleft as Jew haters√¢‚Ç¨¬ù nonsense when Soros conspiracy is far right MAGA √∞≈∏‚Äô¬© 

Bastards all of them.

.",0
"@MikeCarlton01 Or perhaps to creation of a nation which can be fair to both Arabs and Jews. It is, after all, misappropriated Arab land",0
RT @georgegalloway:Nothing to see here‚Ä¶ Except the sickening veneration of the #Ukrainian Fascist murderer with the blood of millions of #Holocaust victims on his stone-cold hands #Bandera #Nato #Russia,0
@asifkhetani1 @BesuraTaansane Jews bhai hai tumhare.. üòÇüòÇüòÇ,1
@RealRyanRadio @RabbiFinkelblat But doesn't the Jew run main steam media relentlessly promote this? I'm so confused. Make it make sense,0
RT @DonaldJTrumpJr: THIS,0
@ThatJewishGuy_ @TheLambandFlag @guardian @thatjewishguy There‚Äôs no argument. G-d himself gave it to the Jews . Was /Is always ours . Palestinians are nothing more than Nomad‚Äôs used by the Arab world to terrorize and rally $ .,0
"@MicheleMFSC @Handfullll @Jojo07800610 @BrandoBernstein @atRachelGilmore Jews had a choice to pick a different religion too.

""Especially on race age sex""

Thats doesn't mean ""only on""

Nor does it say anything about ""having a choice to he in the group""

Changing the definition to suit your own narrative, how pathetic.",0
@AgrippaPublius A commie leader who isnt jewish is simple not posible all jews are the same,1
RT @bisexualowls: Retweet if you knew what the Holocaust was at 10 years old.,0
@amyklobuchar why is the feds and state even involved with marriage?  learn from the jews,0
@JpegCasper He's a nigga he's gonna nigga still. It's just good he named Jews.,1
"@dudeitstotme @LegendaryEnergy It's Jews. The answer is Jews. Welcome to the internet, you must be new. Unfortunately, I will not be your guide.",1
"@patriottakes ""Screw Mexicans, brown people, Muslims, Liberals, Trans, gays, Democrats, teachers, atheists, environmentalists, Jews...Jesus loves us. can I get an Ayyymen?""",1
"Yes, we must stop the ethnic cleansing of Jews.",0
@Lethu911 It√¢‚Ç¨‚Ñ¢s a mix of Jew and Islam faith.,0
9 UC Berkeley Law School Groups Ban Majority of Jews from Speaking https://t.co/kN9rJ0LbqH via @BreitbartNews,0
"@Gingeman1 @LtlAbs @MichaelDWGJR @Grimeandreason @STARCHAS3R That doesn't go against what the rest of us were saying. The original Israeli citizens were holocaust survivors and refugees, but Britain treated them like outsourced waste and displaced Palestinians instead of making a place for Jews in the rest of the world.",0
"@ATHDebate @OneWonby @smilingCatassin @charliekirk11 Yes, it is racism. Pulling someone over just because they‚Äôre driving while black is racism. And how much of that 52% is falsely imprisoned because of the corruption in the system? It‚Äôs racist to go ‚Äúhe‚Äôs black so he‚Äôs automatically a suspect‚Äù. That‚Äôs what nazis did to the Jews",0
@rayraygoesboom @KenRedkill @olivelampe @CNN Can you explain to me why black on Jewish crime is so abnormally high? Why Hasidic Jews are so frequently atttacked by blacks in New York?,0
@PFernillo @AgrajagHates @acarrazon @Applescruff1981 @QasimRashid Hitler killed 6 million Jews so let√¢‚Ç¨‚Ñ¢s excuse John Wayne Gacy cause he wasn√¢‚Ç¨‚Ñ¢t as bad. Idiot.,0
@yusifnasir @ABC71766771 @HenryHoffmann20 @nypost jews are excusing their misery by history?  Jews do not seem to be some whiners...,0
"@JohannesSmed @boom_tentpeg The only way you can make your original statement, which is full of illogic, work is by obviating the fact that Arabs colonized the Jewish native lands during the first millennia and proceeded to oppress the remnant of Jews living there for centuries thereafter.",0
"RT @WryCritic:Jews faced an extreme expression of antisemitism &amp; xenophobia, which was rife for centuries in Central &amp; Eastern Europe. Resulting in numerous pogroms, segregations &amp; mass killings even before war started.

""Holocaust happened because US entered the war"" is the weirdest take",0
"@Doppiont @PrisonPlanet Incitement against Jews and assaulting Jews is almost not punishable, especially compared to less severe hate crimes against any other minority. And in France even people who murdered Jews are not going to prison but whatever",0
RT @Jbowho123: Dude so woke he sleep https://t.co/DnB5ZkJNcQ,0
@SanjaiGandhi @RShivshankar Germany progressed too while raining acid on Jews?,0
"@Harley_Ride Watch the key , brill series about the occupation of Palestinians who welcomed the Jews , to only have there homes stolen &amp; to be occupied",0
RT @RepSwalwell:Hey @JudiciaryGOP geniuses √¢‚Ç¨‚ÄùKanye just declared a √¢‚Ç¨≈ìDEF CON 3√¢‚Ç¨¬ù war on Jews. Delete this tweet or you hate the Jews too.,0
@p1zz_zk1ttl3z @badgirlcovens jew is not a slur,0
"@SarcasticRofl What happens when countries become islamic nations? Women have to be covered from head to toe, no education for girl, the religious laws take over any Constitution, the penalty
 for blasphemy is DEATH, if you are sikh, jew, christian you will be exploited like subhumans",0
RT @NotPotBol: What a king √∞≈∏‚Äò‚Äò,0
"@itsLIAT Revelation 2:9
King James Version

9 I know thy works, and tribulation, and poverty, (but thou art rich) and I know the blasphemy of them *which say they are Jews, and are not,* but are the synagogue of Satan.",1
"@rubesandbabes @jeremynewberger It's all ""distrust the government"" stuff. That is rooted in antisemitism. It's the idea that Jews are controlling the world from the shadows.",0
RT @isaiah_bb: The word for what‚Äôs happening right now in east Jerusalem and Palestine is ‚Äúpogrom‚Äù,0
@davidmweissman @RepSwalwell @JudiciaryGOP Im guessing the the squad are Jew lovers?,1
"RT @MaxBlumenthal:The possible next NATO Secretary-General, Chrystia Freeland, is the granddaughter of a Nazi collaborator who recently displayed the banner of a Nazi-allied organization responsible for the mass murder of Jews and Poles.

https://t.co/XB62CF4otg",0
"Poles were the first who told the world about Holocaust. Poles saved a lot Jews despite they could be (and were) executed by Germans and their allies for that. A lot of murdered Jews were Polish citizens. A lot of Poles died in concentration camps. You don't write about that

2/3",0
"RT @YossiGestetner:When Hasidic Jews get harassed and beaten up in NY, and discriminated against in the private sector, know who are the antisemites that cause it.",0
"@ItsTaz1989 @riomarcos1 It. 

That's it. 

These same lies were told about the Native Americans. 

Same lies spread about the Jews. 

In the end it shows nothing but how the British would go through any length to justify their gross human rights abuses to escape accountability",0
@RashmiDVS It‚Äôs like what happened to Jews. All Hindus should return to India and declare India as the protector of all Hindus and the Indian religions-Buddhism and Jainism.,0
"RT @SDrrizzy:Democrats are so stupid.  Jews were citizens of the countries in which they lived ! Jews were sent to death camps, not fucking Martha√¢‚Ç¨‚Ñ¢s Vineyard you antisemitic b%tch!",0
@NeoShaeist Talmud and Jesus teachings since he's the most famous Jew,0
RT @derekahunter: Never hitch your wagon to a celebrity who said something you agree with once.,0
@archgh The members of ‚ÄúL‚Äôchaim! Jews Against the Death Penalty‚Äù join you in mourning the passing of Archbishop Emeritus Joseph Fiorenza. Alav HaShalom - Peace upon him now‚Ä¶May his memory be an inspiration - Zichrono Livracha!,0
RT @NuclearMAGA17:@NansBlueHeavn3 @donaldherring11 @WeStand4theFlag @diamondblue777 @angryrockbird @qfd_bruce @nanavet3 @ArmedWithMercy @MarilynLavala @Sissy_USMC_ @HevSent5 @Bluepit19651 @RealWolf72 @1heartgirl @2501Wolf @smrose29 @Billcox31684258 @DMcDMuffin @ZeroDarkKitty @know314 https://t.co/l3bY2DJlcU,0
"RT @Never_Again2020:Why not address the reason for your suspension from the NUS, ie, you have a long history of antisemitic incitement, you have been filmed physically intimidating Jewish students as part of a violent mob and you openly support the murder of Israeli Jews. 

https://t.co/qOlN109KO3",0
"RT @HansMahncke:Mussolini persecuted Jews, ran concentration camps and had death squads. He was one of the vilest human beings ever to live. Yet the media equates him with the woman who broke the glass ceiling they profess to care about so much. However much you hate the media, it is not enough.",0
"RT @BeschlossDC: Still waiting -- Republican leaders sounding awfully quiet about this today:
https://t.co/WowGGP9oCq",0
"RT @waitmanb:Since the Butter Goblin has wandered ever farther into a historical L-shaped ambush, let's talk a little about the facts regarding the Nazi decision-making for the Final Solution and whether or not the entrance of the US into the war had any effect. üßµ",0
"@Loud_Lass Similar but not identical to Jews in Europe, who then picked themselves up and got on with life. No more whining. We're done!",0
RT @Jago_Bharati: ‡§π‡§ø‡§Ç‡§¶‡•Å‡§§‡•ç‡§µ ‡§ï‡•Ä ‡§≤‡§π‡§∞ ‡§Ö‡§¨ ‡§π‡§∞ ‡§∂‡§π‡§∞ ‡§π‡§∞ ‡§ó‡§æ‡§Ç‡§µ ‡§Æ‡•á‡§Ç,0
@Dutchyguy @BaranHamoodi @xenophilictb @jjz1600 You can't name any can you? Because Jews aren't generally terrorists. Jews are usually peaceful and any terror would be harshly punished by Israel. Unlike the PA who pays terrorists handsomely to murder Jews. And that's not apartheid?,0
"There are people today who would like you to believe that the #Holocaust never happened.

But no one can deny the murder of six million Jews at the hands of the Nazis.

Learn how to identify misinformation when you see it ‚¨áÔ∏è",0
"@Brett297758541 @affinity292 @EvanMilberg @MoneyShotRonny @TalbertSwan I have the book. The book does not say that Jews had the most dominant role. Again, the book only quotes what other  Jews have said, in which those reading it can draw their own conclusions.",1
@Colt__It @180OSUlClDE he said and i quote ‚ÄúI am going to kill and rape jews‚Äù not MY words,0
"""The Golden  Door (Beginnings - 1938)"" -- tonight at 8:30pm on THE U.S. AND THE HOLOCAUST. Congress reverses open borders. The Nazis begin their persecution of German Jews, causing many to seek refuge.  Pres. Roosevelt is concerned but unable to coordinate a response. https://t.co/qO4wGbwcZ2",0
"@cormacaffka Jews worship Satan
Satan worships Hindus
Hindus worship the Devas
and the Devas worship Mahadeva üíõüíö",1
"@HiddenTruth707 The 'Jews' have taken for a ride too
He doesn't know where he is in history",1
@SethAMandel Thirty years of the Left demanding multi-lingual education just went up in smoke just to own the Jews. What a time to be alive.,0
"Jews, like blinken, neuland, borrell are all pushing war with russia. not peace! Jews are the ones murdering palestinians everyday of the year! Jews have the biggest #NGO's using money to privatize african countries and using human rights as a trojan horse, to destroy west asian",1
"@MorrisDancer11 @blakeflayton Says the little Scottish brick in British worldwide colonialism for centuries, addressing a Jew returning to his ancestral lands.",0
"@AUskipper The Jews are in a better state to be a good friend.
Lmfaooooooo",1
"@Drachdelc @isaiahllouis @youngdonreborn Where does Islam say you can kill ANY Christian and Jew you idiot it doesn√¢‚Ç¨‚Ñ¢t √∞≈∏Àú‚Äö 

The verses you provided is literally talking about the enemies in a war AT THAT TIME please stop embarrassing yourself",0
@ClimateWarrior7 @TheBristolPist1 @reddit_lies @NotreRene @GiveUsAQuid @FangitaHeeri So the Jews can‚Äôt claim victimhood?,0
"@_cibearphunc_ @SpecsaversIE üòÜ gaeilge is to gaedhealg like modern English is to Anglo Saxon, y‚Äôall dumped a language thousands of years old b/c an American Jew told you to! You Irish are a bag of üîß üîßüîßüîß",0
"@maggieNYT @gtconway3d So tfg claims to have done so much for Israel, US Jews should ""show their appreciation"" to him?
1... Divulged Israeli intel to Russians
2...Moved US embassy to Jerusalem.  Why?
3...Put Jared-the-Idiot in charge of mid-east peace.
Jared got $2B from Saudis.",0
"@binlabour The workman was another frum Jew working on a building site nearby. Many accused him of Islamophobia even though the victim was an identifiable Jew! Others claimed that  the attack was not motivated by Jew- hatred as the attacker was from an ethnic minority, &amp; so it goes.",0
"The abstract domination of capitalism is personified as the Jews. Antisemitism is thus a revolt against global capital, misrecognized as the Jews.‚Äù Moishe Postone 2/2",1
RT @FEGEN: https://t.co/aajX9m7Kph,0
"RT @MerissaHansen17:There is no antisemitism or threats David. Stop with this nonsensical behavior. Your party has been caught in conspiracy,collusion and corruption. Anytime you all get caught, you scream racism or antisemitism. 

Stop",1
RT @JoanneduPless11: Imagine this being taught in your neighbourhood? Or men coming in to your neighbourhood who have been taught this?,0
It pains me as a Jew that we had a Jewish Supreme Court justice write the majority opinion in Helvering v. Davis that upheld Social Security and marking the end of limited government üò≠üò≠üò≠,0
RT @andrewfeinstein:Please watch the longer version of Part 2 of #LabourFiles which will be available first thing tomorrow for even more on the silencing of Palestinians &amp; left wing Jews who are critical of Israel by Starmer‚Äôs lawless &amp; mendacious Labour Party,0
Gaza Islamic Scholar Wael Al-Zard: Palestinians Who Work in Israel Are Being Paid with Their Own Money; Filthy Jews Have Been Sucking the Blood of Palestinian Resources for More than 70 Years #Palestinian #Antisemitism https://t.co/RyyXDKOiFZ,0
RT @h3h3productions: This is the man who accuses me of being anti-Semitic,0
"The lesson is that you always have a choice to stand up for what is right - or you have a choice to support the oppressive status quo. Jews were more active in the Civil Rights movement than some other groups of white people, but many of us shamefully stayed silent or worse.",0
"Last month, several billboards were vandalized with the phrase, ""zionist jews control america.√¢‚Ç¨¬ù This message against Jews as Zionists has been used to enact systemic antisemitism internationally in places including Nazi Germany, the Soviet Union, and modern-day Iran.",0
"@AyannaPressley @RashidaTlaib Assassination of Robert Kennedy:Palestinian
1929 Massacre of Jews in Hebron:Muslims
1972 Olympic massacre of Israeli athletes:Pals
Attacks at European Xmas markets:Muslims
9/11 in the U.S.: Muslims
Bombings/murders France/Spain/Germany/England: Pals
Multiple Hijackings:Pals
More: https://t.co/VMFlcw0k24",0
RT @JoanneduPless11: Imagine this being taught in your neighbourhood? Or men coming in to your neighbourhood who have been taught this?,0
"RT @MaadyBK67:Whether I agree with this or not, ‚ÄúWe‚Äôre all from Africa‚Äù isn‚Äôt substantial enough for some Black people &amp; I totally understand that. There‚Äôs peeps that want to go much deeper than just ‚Äúbeing from Africa‚Äù &amp; that needs to be respected",0
"RT @VirusWar:Selon ce commentaire de la video, elle aurait √©t√© tourn√©e √† Uman, o√π les juifs viennent chaque ann√©e en p√©lerinage pour le nouvel an juif. 
Wikipedia confirme cela
Le maire les aurait dissuad√© de venir.
Donc discriminations encourag√©es en #Ukraine par une autorit√© publique https://t.co/HDCe6jEZnC",0
RT @bisexualowls: Retweet if you knew what the Holocaust was at 10 years old.,0
"@SMB_FIN_ACT_OPS @tldPhx @Kitchen44441960 @cheezwitham @Tucsonbelle12 Exactly what I expected. So you‚Äôre going to tell me Mormons happily discuss this with anyone? That there‚Äôs no controversy surrounding the baptism of (dead) Jews who died in the Holocaust (and have no connection to LDS church), among others? Come on, man.",0
@BoardofDeputies @JLC_uk @CST_UK @JewishNewsUK @JewishChron @JewishTelegraph @Telegraph @siennamarla @lmharpin Wrong kind of jew is it?,0
"RT @TheRaDR:In case you were wondering if celebrity statements had impact on hate in the real world. 

Antisemitism is real. It exists. 

When we talk about it, and the tropes that it comprises‚Äîmostly subtle, shadowy, by design‚Äîwe can begin to do the work of combatting hate. 1/x",0
It‚Äôs definitely a news. But there are only 5000 Jews in India &amp; 1.5 Crores worldwide.,0
"RT @elderofziyon: Some people dance.

But when Jews do it, it is ""provoking Palestinians.""",0
"@Timeflyerjjy @CloudAtlas_47 @axios He was referring to the uyghur people. They are being ethnically cleansed, just like what happened to the Jews.",0
"RT @JulieZebrak:Ahead of the midterms, pls share this with your Jewish friends and family who still vote for *any* Republicans. This is the leader of the GOP, which means that voting for *any* Republican is tantamount to supporting this line of thinking.",0
"RT @YachadUK:David Miller hits a new low, yet again. Hiding behind criticism of Israel as a way of perpetuating dangerous antisemitic tropes.

This has nothing to do with anything but a desire to portray Jews and the Jewish community as the enemy.",0
@1776Gretchen Jews in the democrat party are to weak and woke to speak up against Omar‚Äôs hatred of Jews,0
"‚ÄúI know thy works, and tribulation, and poverty, (but thou art rich) and I know the blasphemy of them which say they are Jews, and are not, but are the synagogue of Satan.‚Äù
Revelation 2:9 KJV üôèüèæ‚ù§Ô∏è",1
"RT @HmhInvestments:@tiktok_us well 
@tiktok_us @ADLArizona @ADL

what√¢‚Ç¨‚Ñ¢s it going to be?

Inquiring minds,
- decent Americans 
 
@lesleyabravanel @nancylevine
https://t.co/hEnzL9iJrV",0
@cominghome_m @j_bubbie Stockholm Jew Hater Syndrome!,1
"RT @ZaidAmali:This New Yorker, and any other Jew in the world, can come and automatically become a citizen but I, and around 7 million others, as a third generation refugee whose grandparents were expelled from our village in Safad 74 years ago cannot return, make it make sense",0
"Demeaning Orthodox Jews on the front page of the Sunday New York Times 

During a period of unprecedented anti semitic hate crimes in America (esp  in nyc, esp in visible chassidic neighborhoods)

Makes sense",0
Omg Moroccan Jews are very close to Turkish Jews. That's probably because both have Sephardi ancestry.,0
"@lisanandy @Keir_Starmer By ""together"", I assume you mean ""together, apart from all the members we've ejected for being uppity or Socialist or the wrong sort of Jew, and all the people alienated by KS breaking every single leadership election pledge and trashing Jeremy Corbyn"". Together like that.",0
@Ostrov_A That√¢‚Ç¨‚Ñ¢s what you want it to be but Jews don√¢‚Ç¨‚Ñ¢t agree with you extremist ideology,0
"@AliCologne @beauftragtgg @BenWeinthal Der @beauftragtgg Blume &amp; @Volker_Beck folgen dem unbedeutenden account @Brantgaard, der durch seinen ""The Jew knows only the language of violence"" - tweet bekannt wurde (s.u.)

Dieser account, der st√§ndig Name &amp; Profilbild wechselt, hat sich eindeutig antisemitisch positioniert. https://t.co/Bi80LuaU6v",1
"@AOC Hmmmmmm   
AOC is hiring an Aide, final two candidates are a Jew and a Hispanic.   Any bets as to which she chooses, and how she rationalizes that decision?",0
RT @jhagmagtara:One small nation has kept a gigantic enemy surrounding it at bay. Sadly Hindus have been stifled by sickularism &amp; appeasement drives by successive govts. Hindustan has not stood by its name.,0
@elonmusk Let‚Äôs test the free speech ‚Äî GAS THE JEWS!,1
someone tell the Christian Conservative lady who thinks it‚Äôs fine as long as you‚Äôre only claiming that Jews have ‚Äúcontrol in Hollywood‚Äù that Jews couldn‚Äôt even blacklist Mel fucking Gibson from getting an Oscar nomination in 2017 https://t.co/3vrXVxDcx1,0
"RT @mjs_DC:Accusing the U.S. of triggering the Holocaust by entering the war after Pearl Harbor was one of Hitler‚Äôs many efforts to blame his adversaries for his own persecution of the Jews. Here we are 81 years later, and Tracey is still promoting Hitler‚Äôs lie. What a grim sight to behold.",0
"@notaleptic Jesus was a jew yet the jews killed him....

I have issues with the term but cults and religions are interchangeable depending on if you belong.

Have Faith.. the ""control"" came from the inspiration.",1
@Allahgator69 @RadioTorso @ElijahSchaffer @kanyewest You seem to be completely unaware that leftists and leftwing news sources have been purged off of social media sites for years but nice strawman and defending a celebrity threatening violence against Jews.,0
"@billprady @RandyAlberhasky @Eric_Schmitt Well, I‚Äôm not Jewish‚Ä¶ 

I love &amp; support the Jews &amp; the nation of Israel.  I only mentioned Matt 23, b/c as a Christian the Talmud isn‚Äôt scripture.  

If it is true that all Jewish sects believe that abortion is permitted‚Ä¶ I wonder what @benshapiro or @DennisPrager would agree?",0
@RepLeeZeldin Jews don‚Äôt vote for Fascists and White Supremacists https://t.co/aA2DQbuvQJ,0
"RT @WorstSamaritan:Jews: (are persecuted and murdered by Christians for thousands of years).

White Christians: actually when Jews are oppressed, WE are the real victims.",0
"RT @paulkrugman:Trump's outburst actually illustrates why American Jews are relatively liberal. Anyone with a sense of history knows that whatever group is currently in illiberal crosshairs, the Jews are always next in line",0
"In Enemy Land: The Jews of Kielce and the Region, 1939-1946 (The Holocaust: History and Literature, Ethics and Philosophy) [VWRRPVD]

https://t.co/kmRclrArBG",0
"@JewishResister ‚ÄúIt‚Äôs not anti-Semitic to hate Jews for being Jewish‚Äù.   

this may be the most ignorant statement I‚Äôve ever heard‚Ä¶   is it now a requirement that bigots not understand English?   Or does that just make it easier for them?",0
@fishingbassco The species formerly know as Jew fish,0
"@NotADebacle it‚Äôs true, I met a Jews for Jesus convert a year ago and he got real upset when i said his constant shuffling of random churches was detrimental to joining a community under god and he stopped talking to me for the rest of the night",0
"@kshahrooz (1) https://t.co/7cY8q6cVUV
(2) https://t.co/CL3Ihl5vbc
We will looking everywhere for criminal Islamic Regime members &amp; their corrupt families around the world &amp; bring them to justice as Jews done to NAZIs.
#ÿ¨ÿßŸà€åÿØÿ¥ÿßŸá_ÿ±ŸÖÿ≤_Ÿæ€åÿ±Ÿàÿ≤€å
#ŸÖŸáÿ≥ÿß_ÿßŸÖ€åŸÜ€å 
#Ÿæÿß€åŸÜÿØŸá_ÿß€åÿ±ÿßŸÜ
https://t.co/dH1JZhJhT9",0
RT @AndrewPollackFL: We need to cut off all aid to Ukraine immediately.,0
@amyarsamakova @MarvelStudios @Marvel @shirahaas Sabra as in the name for an Israeli Jew,0
RT @danpfeiffer:The only thing crazier than this crazy statement is that no Republican on the ballot this fall will be asked whether they agree with the leader of their party,0
"√¢‚Ç¨≈ìthose ears, which hear nothing but hallelujahs of saints and angels, to hear the blasphemies of the multitude; that face, that was fairer than the sons of men, to be spit on by those beastly wretched Jews; (7/)",1
"Are you a Jew or kafir
Vasundhara: I'm a liberal
Ms : so a kafir https://t.co/WP0AQkySkm",1
"RT @oooobhaiii: That's BASED!!
We got no allies, still beat!ng the Sh!t 0ut of every f@lse rel!g!0n on the Earth for 1400+ years.",1
"Babi Yar is the most tragic Holocaust location in Ukraine. It is often mentioned alongside Auschwitz and Birkenau. On September 29, 1941, the Jews in Kiev were all gathered in one place, taken to the edge of a ravine and shot, one after another.",0
"RT @DharmSudha:The¬†Indian¬†academic¬†establishment is a fully fledged¬†propaganda¬†mill that operates in plain sight. Is not this exactly how the Jews were vilified‚Äîthrough a state-sponsored crusade to ""Atrocity Literature""-pill the populace?",0
More truthful than fiction? The Royal Court is seeking to solve and salve the antisemitism problem that engulfed it last November with ‚ÄúJews. In Their Own Words‚Äù. But is verbatim theatre ever the answer?  https://t.co/anSAx9XRHa,0
@DoubleFugee @TorontoStar It wouldn‚Äôt&amp; you know it. Arabs were called terrorist for a while &amp; no one said it was antisemetic. They are not above reproach as Jews are. It‚Äôs anti-Semitic to say Jews have most of the power in Hollywood. By definition it‚Äôs  not antisemetism. The term is used to silence people,1
"Trump attacks American Jews, says they must 'get their act together' on Israel 'before it's too late' https://t.co/MivA9CVnQt via @nbcnews",0
RT @BlueBoxDave:Fair enough. My son is in 7th grade in a Brooklyn middle school. He√¢‚Ç¨‚Ñ¢s never been taught anything about Jews in the city with the 2nd most Jews in the world. Teach kids the historical roots of why Jews predominate in certain sectors. Remove the mystery.,1
"Trump heads @gop

Trump is antisemitic 

@gop is _________ ?

All day. Every day.

https://t.co/Yz1toXBUyJ

The White House criticized former President Donald Trump for telling American Jews to ‚Äúget their act together‚Äù and ‚Äúappreciate‚Äù Israel ‚Äúbefore it is too late.‚Äù",0
"RT @eugene_finkel:Super powerful. Most discussions about Ukraine and genocide eventually turns to how it compares to the Holocaust or Rwanda. My answer is that, in a nutshell, Jews and Tutsi were murdered because of who they were born, Ukrainians are killed because of what they chose to become",0
"@IamSmallFrye @MaureenMal12 @blueonealpha @BosanovaBill @LorrieAnn25 @AZ_Brittney That‚Äôs the kind of twisted crt bullshit that republicans rightfully oppose. My family came here with nothing in the early 1900s. Ran a deli in Brooklyn for decades. My grandfather worked his ass off to give us what we have. Not to mention, Jews in the 1900s did not have that.",0
"I‚Äôm confused. Jews have control of more American government money than any other race in America, but we‚Äôre always encouraged to see them as too fragile to accept honest criticism? Can anybody ‚Äòsplain that to me? How can you be the weakest and the most powerful? https://t.co/hZLTO4UKqp",1
"@phil_laila @PalestineCultu1 I guess, for me at least (don‚Äôt want to talk for all Jews) it‚Äôs like having a discussion with a 3 year old about ice cream not being healthy. I can provide all the evidence in the world, but the 3 year old just throws their temper tantrum. So it‚Äôs easier to remind them they are 3",0
"@undeadkorpsman @DetachWestern And btw, I had my sons circumcised, and I was neither Christian nor jew. Just because it was customary and more hygienic. No biggie.",0
"@Reece4Randall @wilg111 @laurenboebert I√¢‚Ç¨‚Ñ¢m not for abortion and I would never have one but I do believe in freedom of choice, we should all be able to make our own choices and accept the consequences, which may not be until the next life. We don√¢‚Ç¨‚Ñ¢t know when cells possess a spirit, even Jews are not against abortion",0
"@BythewayNigel @RayDess14 @CritFacts @GothGeekGaming I said that it was brave and controversial if a Jewish woman said that Jews should talk to neo-nazis. What she can√¢‚Ç¨‚Ñ¢t seem to grasp is what that means, hence I am a nazi. √∞≈∏Àú‚Äö√∞≈∏Àú‚Äö√∞≈∏Àú‚Äö",0
"@Bryan_E_Leib @giladerdan1 BE ADVISED: Do not confused the Jewish people of God with (((Godless/atheists/globalist reptilians))) who own everything and control everything in the world. They just identify as jews in an attempt to shield their evilness. ""Wolves hiding among the sheep.""",1
"RT @KarenAttiah:Agree. I did not learn about this until my college course in Race and Modernity, which was actually taught in the African- American Studies dept. (shout out to my professor, @barnor_hesse)",0
"RT @ZaidAmali:This New Yorker, and any other Jew in the world, can come and automatically become a citizen but I, and around 7 million others, as a third generation refugee whose grandparents were expelled from our village in Safad 74 years ago cannot return, make it make sense",0
"@jeremynewberger A Jew cured polio. 
A Jew invented color TV. 
A Jew invented the remote. 

If you hate Jews don√¢‚Ç¨‚Ñ¢t use our stuff. 

Get up on your polio stricken legs, struggle across the room to change the channel on your black and white TV. (Gary Gullman)",0
@faisalalhajali @majorityvoter5 @SRo198 @Africa4Pal Lol you lie like a rug. Jewish migration was limited during the Ottoman Empire to keep us at 20% of the population. Nobody came there and started massacring. That was what you did to the Jews in Hebron in 1928. You should stop lying to yourselves and the world.,0
"@MQSullivan @KenCuccinelli @russvought @WadeMiller_USMC @KariLake Rethuglican Nazi Party Are Demonizing Latinos Like Adolf Hitler Demonized Jews. 
@ACLU
@AJCGlobal
@votolatino

#RethuglicanNazis 
#USHistory 
üá∫üá≤
https://t.co/N1q4M9Rq1A",0
RT @bisexualowls: Retweet if you knew what the Holocaust was at 10 years old.,0
"RT @JoyceWhiteVance:""Before it's too late""

What won't Trump do to return to power? The answer to that question is plain, and simple &amp; right in front of us.",0
"@GoldyHA not just Jews, but yeah",0
@MuhammadSmiry He must be descended from these √¢‚Ç¨≈ìindigenous Palestinians√¢‚Ç¨¬ù who migrated from Africa to fight the Jews √∞≈∏¬§¬∑√¢‚Ç¨¬ç√¢‚Ñ¢‚Äö√Ø¬∏¬è.  https://t.co/MwIjTuSIFD,0
Pagi jews,0
"RT @Afroditaa1984: Supermercado en Ucrania negando la entrada a Jud√≠os, cerca de la frontera con Polonia.",0
"RT @bulutuzay_:67 years ago today, Turks targeted the Greeks, Armenians and Jews in a savage pogrom in Constantinople.

It was neither the first nor the last pogrom in Turkey√¢‚Ç¨‚Ñ¢s history. 

Will the victims ever find justice? Or will Turkey√¢‚Ç¨‚Ñ¢s lack of accountability for the perpetrators continue?",0
"@HunterBonner @0liviajulianna a jew using snowflake, how  FUCKING disrespectful!",0
"@nytopinion @CharlesMBlow Ur a bunch of TWERPS
Obsessed with division by colour, economics, &amp; religion of this Country
As helpful as U were for JEWS during WWII
SHAME ON U",0
RT @Gandi2099: .@Netanyahu did say it‚Äôll generate ‚Äúsympathy for Israel‚Äù referring to 9/11 attacks,0
RT @bisexualowls: Retweet if you knew what the Holocaust was at 10 years old.,0
"mfw marvel makes a movie about the kind of stuff theyd do, the curse against the jews truly is real",0
"@Deadferrets @CarolienDijkgr1 Nice try, jew https://t.co/cfybXX9x3f",1
"@Howard_Lovy You are a Jew and have the right to be proud of your religeon , but being a Jew does not give you the right to claim somebody‚Äôs else land and steal their homes ( literally steal their homes ). Being Jewish is like being Christian , Muslim , Hindus etc",0
@nicholasrfish Does religious liberty√¢‚Äû¬¢√Ø¬∏¬è apply to Jews?,0
@Aj45987709 @Knife_B @NoelValerio12 @tomselliott @donlemon How can Christ be an Israelite Jew if he is from the tribe of Judah but Moses is not a Jew from the tribe of Levi which is in fact Jews https://t.co/lKWFbf33Fs,0
"2000 Jews were sent to the camps, and only a handful returned.

Roman Jews are neither Sephardi not Ashkenazi, as they came to Rome directly from the land of Israel, some before the exile. Because of this, their Nusach (prayer dialect) is a bit different.",0
"@MikeKon00166475 @Pauline51734996 @Retiremyass @Twitter this person is using very insulting word for ""Jew"" - "" –∂–∏–¥o–∫"".  https://t.co/x0cMFPOpAg",0
"RT @ZaidAmali:This New Yorker, and any other Jew in the world, can come and automatically become a citizen but I, and around 7 million others, as a third generation refugee whose grandparents were expelled from our village in Safad 74 years ago cannot return, make it make sense",0
"RT @jennifernvictor:‚ÄúWe love Israel more than a lot of Jews do‚Äù is an extremely antisemitic thing to say. Evangelicals support Israel because they believe that Jews returning there is a sign of the second coming of Christ, an event that is understood to precede an extermination of Jews. #NotOkay https://t.co/TaMl1gMDtA",0
RT @RepSwalwell:Hey @JudiciaryGOP geniuses √¢‚Ç¨‚ÄùKanye just declared a √¢‚Ç¨≈ìDEF CON 3√¢‚Ç¨¬ù war on Jews. Delete this tweet or you hate the Jews too.,0
"RT @JoshuaPHilll: This thread hopefully explains more, especially to the white U.S. jews i'm mainly talking with 
https://t.co/IfADDEYz5W",1
"RT @benshapiro: If there were another Holocaust, I would hope that Ethan and his family escaped. But maybe that's just me.",0
"RT @atrupar: what does ""Before it is too late!"" mean here",0
@RacksSound @caitoz I‚Äôm just saying ur grandpa didn‚Äôt do shit for Jews.,0
@VArabboy @ghazawiyah @dindin1966 The term diaspora really slips y√¢‚Ç¨‚Ñ¢all√¢‚Ç¨‚Ñ¢s minds when it comes to Jews it seems,0
"@FocusAlpha @AlexisTs44 @bmburkhart @TerribleMaps They thought of other ‚Äúwhite‚Äù peoples as competitors that were almost as good as them, but which they needed to fight. The group they saw as their number one enemy were the Jews. They thought the Jews were sabotaging them because they thought *they* wanted world domination.",0
RT @bisexualowls: Retweet if you knew what the Holocaust was at 10 years old.,0
RT @Popehat: Jenna Ellis finally achieving her lifelong ambition of sorting Jews into different camps.,1
"@AJCGlobal If recognizing the annexation of Golan doesn't qualify one for a license to lecture Jews, what did Jews do to earn their license to lecture gentiles?",1
"Look, if you're going to pick on the Jews you might as well pick on the Italians &amp; the Hispanics &amp; the blacks &amp; the Irish &amp; the Germans &amp; the Asians &amp; everyone else in this country because we all have the same thing in common: Family is everything! And we are 1 big family here.",0
@IzzyStad Thanks for illustrating what I'm talking about! You don't get to say who isn't a Jew.,0
"@Garviell This is false. Germany was very direct in its desire to spread its ethnic cleansing program to Finland. Once, the head of police deported a number of Finnish Jews to concentration camps, and all but one died. The government knew this, yet the alliance continued for 2 more years.",0
@Gothicc_Entity @imonly5feet Plated by a Jew with no melanin,1
@PlanetOfOlivier @SethAbramson ‚Ä¶ reason though. I think he hit the nail on the head when he compared death threats vs being offensive. As a Jew I‚Äôve been offended by lots of comments people make but don‚Äôt want to cancel them over it. When someone talks about killing people that‚Äôs going too far. 2/2,0
"RT @lecridespeuples:Un supermarch√© en Ukraine refuse l'entr√©e des Juifs pr√®s de la fronti√®re avec la Pologne aujourd'hui. Des centaines de Juifs sont bloqu√©s depuis des heures pr√®s de la fronti√®re polonaise, ils craignent d'y √™tre bloqu√©s pour Chabbat.

Qui l'e√ªt cru de la part d'un pays n√©o-nazi ?",0
@LHSummers @Stanford Will whites and Asians ever get their atonement for the current racial discrimination happening against them right now in college admissions nationwide? No? Just Jews from the 50‚Äôs? Sounds reasonable.,0
@BrendaA31231159 @MarkJacob16 Yes it is.  So is Mike Savage and Mark Levin. I don‚Äôt understand how Jews can be Republican. The gop has gone way too far right wing.,0
"@saribethrose The real problem is supremacist Jews like you indoctrinating children with lies and pushing division amongst the races. You like to manipulate brown and black people to fear whites but all the hate, marxism, and communism is rooted in Jewish Supremacy. Leave white people alone.",1
"@TXRightToLife I'm confused. Per the Bible God murdered millions of first born Egyptian sons to terrorize Pharaoh into freeing the Jews. Innocent newborn babies, toddlers, kids; including non-slave owners ""first-born"" male children.
 
If a fetus is a person, why did God not murder them, too?",0
RT @Lilith_Assyria: Each time I fly to Europe - I see perfectly healthy young men with Ukrainian passports crossing borders.,0
‚ÄúAfrican Americans‚Äù are the biblical Jews. Salute to the Ashkenazi tho. At least they keep the culture alive.,1
RT @SaltyCracker9: Ilhan Omar said she wanted Jews wiped out of Israel and she never got her bank account closed.,0
RT @wyattreed13: Can you believe a country with official Nazi formations fully integrated into its military would do this,0
@EricLee212 @blakeflayton Consider that the overwhelming majority of Jews are zionists but also overwhelmingly voted against Trump.,0
@ReadOnl88271826 @of_deadlock @visegrad24 That‚Äôs why I responded about Russian Jews when he said the guy was a Jew and not Russian. He apparently doesn‚Äôt know much.,0
"@GregoryKUA @_leszek_ @PassiveAgressif @Faun1i @War_Is_A_Racket @apmassaro3 You sound like a Jew, always living in a state of sorrow",1
RT @freedomrideblog: This looks like Russky propaganda. No one in Ukraine worships Bandera. Right? That's just propaganda. Right?,0
"@BDaveWalters ""a group of Jews is called an argument"" has this poster been watching my family?",0
"@K1ngYeen Charlottenburg Palace, Sanssouci palace, walking around the Kaiser Wilhelm Memorial, Brandenburg Gate, and Memorial for the Murdered Jews is a must imo. Also either the Pergamon Museum, Altes Museum or the Neues Museum.",0
RT @Deascent: Anyways‚Ä¶ https://t.co/TJWGXWUDtb,0
"@Jane_Splaining @Steve_Sailer Honestly, I think it‚Äôs just that they‚Äôre rich libs. Lots of Jews are really hippie in general.",0
"@KeeperGarrett @voskat5 @scheiers @MariamBarghouti Also... you... basically just said 850,000 Jews fleeing for their lives deserved it because of shit that was happening in Israel thousands of miles away from them?

Like... wow.",0
"@CinqLabel @PanasukPetr Don't forget to remind Mr President Zelensky, a jew, that he is a president of a nazi country, I am sure he never heard that one before.",0
RT @DaRealSlimPeezy: When the bank asks why I need to take out a loan.,1
"Romans 10:12-13  Whoever believes on Him will not be put to shame.√¢‚Ç¨¬ù For there is no distinction between Jew and Greek, for the same Lord over all is rich to all who call upon Him. For √¢‚Ç¨≈ìwhoever calls on the name of the Lord shall be saved.√¢‚Ç¨¬ù",0
Why do you all blame Jews for all of your failures? Maybe  it is all explained by your actions?,0
"RT @adem_5361:The Greek regime and the Greek Security Forces"":On June 18, 1943, it set up Nazi battalions and started hunting anti-Nazis,Jews and Gypsies in #Greece.

No European country is innocent in WW II. 
The usual tactics of the Europeans; ""Blame someone else to cover up your own guilt"". https://t.co/YPN48nTUrK",0
RT @bisexualowls: Retweet if you knew what the Holocaust was at 10 years old.,0
"Watch the full apology be ""I'm sorry the Jews made me do this"" https://t.co/4frmskM3BH",0
"@OReinfelds @EvaFoxU Your brain is so messed up it's hillarious. Hitler used the prejudice of the people to gain power by giving simple answers and blaming other ethnicities, mainly jews, for german financial problems.

Btw. I'm a german gypsy. Hitler literally killed ""my people"" lmfao.",0
RT @bisexualowls: Retweet if you knew what the Holocaust was at 10 years old.,0
@MisterTwyst Your last disgusting word DESCRIBES YOU. Many Zionists are European. Palestinians are descendants of original Jews some of whom converted to Christianity &amp; late some to Islam through time. And you're now boring me with your false accusations so bye,0
"@Sewell_j_r @michael30668015 @bluesonofspeke @simonmaginn @MediaGuido James O'Brien was part of a media scam to try and convince Jews 1000s of people hated them.

He attempted to whip up fear and loathing to use Jews as a political battering ram against Labour.

He is a Tory charlatan hate monger.
#ItWasAScam",0
"Revelation2:9
I know thy works, and tribulation, and poverty, (but thou art rich) and√Ç¬†I know√Ç¬†the blasphemy of them which say they are Jews, and are not, but√Ç¬†are√Ç¬†the synagogue of Satan.
Psalms147:19
 He sheweth his word unto Jacob, his statutes and his judgments unto Israel.√¢‚Ç¨¬ù",1
"RT @DragonflyJonez:Kanye: So when I say I'm coming for the Jews what I'm saying is-

Nore: hold on hold on hold on don't mean to cut you off but you just mentioned Dame bought you a Range Rover back in 04 I wanna hear more about that was the seats butter soft",0
"RT @ZaidAmali:This New Yorker, and any other Jew in the world, can come and automatically become a citizen but I, and around 7 million others, as a third generation refugee whose grandparents were expelled from our village in Safad 74 years ago cannot return, make it make sense",0
"RT @Mivasair:Don√¢‚Ç¨‚Ñ¢t conflate Jews with Zionists.

Many of us anti-Zionists are Jews. 
Many of us Jews simply aren√¢‚Ç¨‚Ñ¢t Zionists.
The largest Zionist orgs in the USA are Evangelical Christians. 

Stopping Israel√¢‚Ç¨‚Ñ¢s brutality against Palestinians is not antisemitism.",0
@LucPetronelli Do you agree that Jordan was wrong to ethnically cleanse the Jews out of the west bank in the 1948 war and follow up and annex the territory?,0
@Bertilak3 Good luck with getting on the streets en masse. Jews don‚Äôt protest. They are afraid of ‚Äúcausing trouble‚Äù and calling attention to themselves.,1
"RT @maxberger: Talked to my friend who said ‚Äúdeath to the Jews,‚Äù he sorta seemed like he got it",0
RT @kirasworlds: we are living in a south park episode,0
"@jack_toale @StrawbzDebate @DisaffectedSci @TristanSnell By the way, you went off the rails here the moment you equated BLM to Hitler. Just saying... Hitler used the treaty of Versailles and scapegoated Jews, gypsies, homosexuals, etc to give his followers a common enemy. Sound familiar?",0
RT @michaelianblack: You see that thing with Kanye and the Jews yet?,0
RT @Popehat: Jenna Ellis finally achieving her lifelong ambition of sorting Jews into different camps.,0
"RT @jh_swanson:The Israeli right-wing that Netanyahu represents has made it eminently clear that they will happily sacrifice the safety of the Jewish Diaspora by cozying up to antisemitic European and American nationalist movements, in exchange for being given free reign in Israel-Palestine.",0
"@almaah__ ""it's not European"" ""it lead to the west's decline"" ""it was founded by a Jew"" ""it caused misogyny in the west"" ""it caused imperialist practices"" . none of these are true",0
"RT @SannaAntikainen:Hei, @vasemmisto ja @liandersson Aiotteko selvitt√É¬§√É¬§ edustajanne mahdolliset kytk√É¬∂kset √É¬§√É¬§ri-islamismiin? V√É¬§itteet ovat vakavia. Vai painatteko t√É¬§m√É¬§n(kin) villaisella?",0
"@Ishmald @JordynTilchen when a lot of leftists say ""zionism"" what they mean is ""israeli ultranationalism &amp; uncritical support the state"" 

when jews say ""zionism"" we mean the jewish right to self determination.",0
#NULL!,0
"A mystery In New York City: Jews Keep Getting Attacked, yet no one is getting arrested... ü§î 

@ArminRosen 

https://t.co/pIoaIVKX9n",0
"@Vokabre @JewishWonk Yes, it's is part of why they went with Hebrew as a national language, one to unite Ashkenazi and Sephardi but two to separate from Yiddish, the language of their past as weak nebbishy Jews and not their future as Sabras",0
"@MsPackyetti I grew up with black families at my synagogue. There are a lot of black jews, and the black hebrew Israelite theory erases actual black jews as much as it erases white jews.",0
@EmrysTl @M9Scarlett @terferatu @mcryan32 @trishmulholland @jk_rowling i don't see any comparisons at all between Jews and Tolkien's depictions of Dwarves,0
Video: Shocking Jew-hatred is rampant on American campuses https://t.co/NcFzsQdH7s. Please RT,0
"Evan Almighty turned 15 years old this summer and with Jews reading Parshat Noach around the globe this past Shabbos, I decided to rewatch the 2007 comedy last night. https://t.co/96mnEMmbR4",0
RT @songsofyoni:@RollingStone Stop letting girls who got dumped by Orthodox Jews write stories and talk on podcasts about Orthodox Jews. @ejdickson is exploiting you instead of going to therapy.,0
"Got to say, though, that the Gnasher-adjacent people that claimed pro-Corbyn Jews weren't proper Jews (Simon Myerson springs to mind) ought never to get away with pulling that antisemitic shit ever again.",0
"RT @bulutuzay_:In 2021, Erdogan sued a man in Turkey for referring to him as a Jew on social media, which Erdogan thought was ‚Äúhumiliating, damaging to honor &amp; dignity.‚Äù The man was convicted of ‚Äúinsulting the president‚Äù &amp; given a prison sentence, which was then converted to a fine of 7,000 TL. https://t.co/6OFPLtTzxH",1
"@LakotaMan1 @twitts4trump I‚Äôm a descendent Indians, slaves, Germany Jews.",0
RT @DonaldJTrumpJr: THIS,0
RT @yumna_patel:Apparently √¢‚Ç¨ÀúSabra√¢‚Ç¨‚Ñ¢ is a term used to refer to Jews born in historic Palestine (correct me if I√¢‚Ç¨‚Ñ¢m wrong). It is also the name of the neighborhood in Beirut where Israeli forces oversaw the massacre of thousands of Palestinian refugees in the Sabra &amp; Shatila Massacre in 1982.,0
"@beerdrinker48 @RuslanSmith1 @kraftnic @PersianDomme @SocialistBoomer @Jalindsay728 @AOC neglecting the facts: Arabs massacaring Jews in the region long before the foundation of Israel.  Neglecting the openly admitted goal of Palestinian government is the complete eradication of Jews.  Despite endless  peace proposals submitted, Palestinians have rejected each one.",0
"India is a homeland for the Hindus. When Hindus in srilanka we√¢‚Ç¨‚Ñ¢re pushed out by Sinhala, India gave them refuge. Same with Hindus of Uganda. If india is not a natural home of Hindus then what else is? Heck even Parsis and Jews were give refuge in Hindu india",0
@robbiesmile6 @Liddlebigmouth1 @OGAride I am serious about the dorm rooms given the Nazi version of mapping Jews was incredibly detailed.  It isn‚Äôt college kids making mistakes that bothers me the most‚Äîwe‚Äôve all been there‚Äîbut that they doubled down on their antisemitism with zero remorse. https://t.co/uVGadKDIC5,0
"RT @ZaidAmali:This New Yorker, and any other Jew in the world, can come and automatically become a citizen but I, and around 7 million others, as a third generation refugee whose grandparents were expelled from our village in Safad 74 years ago cannot return, make it make sense",0
@dar_rogers @YGalanter @renato_mariotti Actually they had the Jews that started forest fires with lasers in California bring them there in their space ship.,0
"@1Shermanation @hellohimate @GigaChadTake @keffals Damn, you really be cancelling German Jews for being bigoted towards Germans.",0
RT @bisexualowls: Retweet if you knew what the Holocaust was at 10 years old.,0
@AUskipper The Jews are you still have the same as the other day and we will be there in the morning and I will be there in the morning and I will be there in the morning and I will be in the office tomorrow and I will be in the office tomorrow and I will be in the office tomorrow and,1
RT @amzer29: https://t.co/Z7faNRDuEW,0
"@MikeNew19512115 Cancel Culture,Wokeism,Anti Semitism,Anti Christian &amp;Anti Cop are the platforms of the Democratic https://t.co/seZZVpecoh're going to exclude Jews from a law school, certain areas on campus &amp; nobody thinks that's discrimination?Why do my Jewish brethen support this party of hate?",0
RT @bisexualowls: Retweet if you knew what the Holocaust was at 10 years old.,0
"@The_Bear_Jew18 @MasalaFry69 @grange_hillel @johnnymilner6 @canadiancarol1 @jeremycorbyn Hamas does not call for the murder of all Jews, that is just an Islamophobic trope used by apartheid hassbarists.  

Of course, the Mufti was in the right. 
By the way, did you get those original transcripts for me?",1
RT @DrEricDing:Another projection at the @UF football game of the √¢‚Ç¨≈ìKanye is right about the Jews√¢‚Ç¨¬ù sign at another location inside the stadium. So disgusting.,0
"RT @MaceAhWindu:The difference here is that Gina Carano was comparing being a Jew in 1930s Germany to being anti-vax. 

The only apology that‚Äôs due is Gina‚Äôs apology to the Jewish community (something she still hasn‚Äôt done btw because she doesn‚Äôt think she said anything wrong).",0
